Workbook

Sheet Raw_Data
A1: Month | B1: Food Stores (£m) | C1: Clothing & Textile (£m) | D1: Household Goods (£m) | E1: Online Retail (£m) | F1: Fuel Stores (£m) | G1: Total All Sectors (£m)
A2: Jan-20 | B2: 7200 | C2: 1800 | D2: 1200 | E2: 1900 | F2: 2200 | G2: =SUM(B2:F2) -> 14300
A3: Feb-20 | B3: 7100 | C3: 1750 | D3: 1150 | E3: 1950 | F3: 2100 | G3: =SUM(B3:F3) -> 14050
A4: Mar-20 | B4: 7800 | C4: 1200 | D4: 900 | E4: 2400 | F4: 1800 | G4: =SUM(B4:F4) -> 14100
A5: Apr-20 | B5: 6900 | C5: 400 | D5: 700 | E5: 4200 | F5: 1000 | G5: =SUM(B5:F5) -> 13200
A6: May-20 | B6: 7300 | C6: 900 | D6: 1100 | E6: 4100 | F6: 1200 | G6: =SUM(B6:F6) -> 14600
A7: Jun-20 | B7: 7500 | C7: 1700 | D7: 1500 | E7: 3800 | F7: 1900 | G7: =SUM(B7:F7) -> 16400
A8: Jul-20 | B8: 7600 | C8: 1900 | D8: 1700 | E8: 3600 | F8: 2100 | G8: =SUM(B8:F8) -> 16900
A9: Aug-20 | B9: 7700 | C9: 2000 | D9: 1800 | E9: 3500 | F9: 2200 | G9: =SUM(B9:F9) -> 17200
A10: Sep-20 | B10: 7800 | C10: 1850 | D10: 1750 | E10: 3400 | F10: 2100 | G10: =SUM(B10:F10) -> 16900
A11: Oct-20 | B11: 7900 | C11: 1900 | D11: 1800 | E11: 3600 | F11: 2000 | G11: =SUM(B11:F11) -> 17200
A12: Nov-20 | B12: 8100 | C12: 600 | D12: 1600 | E12: 4200 | F12: 1900 | G12: =SUM(B12:F12) -> 16400
A13: Dec-20 | B13: 9200 | C13: 2200 | D13: 2100 | E13: 4800 | F13: 2100 | G13: =SUM(B13:F13) -> 20400
... A61: Dec-24 | B61: 10700 | C61: 2800 | D61: 2400 | E61: 4400 | F61: 2500 | G61: =SUM(B61:F61) -> 22800

Sheet Overview_KPIs
A1: UK RETAIL SALES PERFORMANCE TRACKER
A3: Office for National Statistics (ONS) Retail Sales Index | Jan 2020 – Dec 2024 | Values in £ millions
A5: KEY PERFORMANCE INDICATORS — FULL PERIOD (2020–2024)
A6: Total Sales (All Sectors) | C6: Food Stores | E6: Clothing & Textile | G6: Household Goods | I6: Online Retail | K6: Fuel Stores
A7: =SUM(Raw_Data!G2:G61) -> 1100100 | C7: =SUM(Raw_Data!B2:B61) -> 518300 | E7: =SUM(Raw_Data!C2:C61) -> 115200 | G7: =SUM(Raw_Data!D2:D61) -> 108450 | I7: =SUM(Raw_Data!E2:E61) -> 213150 | K7: =SUM(Raw_Data!F2:F61) -> 145000
A8: ="100.0% of retail" -> 100.0% of retail | C8: =TEXT(SUM(Raw_Data!C2:C61)/SUM(Raw_Data!G2:G61),"0.0%")&" of total" -> 10.5% of total | E8: =TEXT(SUM(Raw_Data!C2:C61)/SUM(Raw_Data!G2:G61),"0.0%")&" of total" -> 10.5% of total | G8: =TEXT(SUM(Raw_Data!D2:D61)/SUM(Raw_Data!G2:G61),"0.0%")&" of total" -> 9.9% of total | I8: =TEXT(SUM(Raw_Data!E2:E61)/SUM(Raw_Data!G2:G61),"0.0%")&" of total" -> 19.4% of total | K8: =TEXT(SUM(Raw_Data!F2:F61)/SUM(Raw_Data!G2:G61),"0.0%")&" of total" -> 13.2% of total
A10: MONTHLY SALES SUMMARY — ALL SECTORS (£ millions)
A11: Month | B11: Food Stores | C11: Clothing | D11: Household | E11: Online | F11: Fuel | G11: TOTAL | H11: MoM Change | I11: MoM % | J11: YoY Change | K11: YoY % | L11: Trend
A12: Jan-20 | B12: =Raw_Data!B2 -> 7200 | C12: =Raw_Data!C2 -> 1800 | D12: =Raw_Data!D2 -> 1200 | E12: =Raw_Data!E2 -> 1900 | F12: =Raw_Data!F2 -> 2200 | G12: =SUM(B12:F12) -> 14300
A13: Feb-20 | B13: =Raw_Data!B3 -> 7100 | C13: =Raw_Data!C3 -> 1750 | D13: =Raw_Data!D3 -> 1150 | E13: =Raw_Data!E3 -> 1950 | F13: =Raw_Data!F3 -> 2100 | G13: =SUM(B13:F13) -> 14050
A14: Mar-20 | B14: =Raw_Data!B4 -> 7800 | C14: =Raw_Data!C4 -> 1200 | D14: =Raw_Data!D4 -> 900 | E14: =Raw_Data!E4 -> 2400 | F14: =Raw_Data!F4 -> 1800 | G14: =SUM(B14:F14) -> 14100 | H14: =G14-G13 -> 50 | I14: =(G14-G13)/G13 -> 0.0035587189 | L14: =IF(G14>G13,"▲","▼") -> ▲
A15: Apr-20 | B15: =Raw_Data!B5 -> 6900 | C15: =Raw_Data!C5 -> 400 | D15: =Raw_Data!D5 -> 700 | E15: =Raw_Data!E5 -> 4200 | F15: =Raw_Data!F5 -> 1000 | G15: =SUM(B15:F15) -> 13200 | H15: =G15-G14 -> -900 | I15: =(G15-G14)/G14 -> -0.063829787 | L15: =IF(G15>G14,"▲","▼") -> ▼
A16: May-20 | B16: =Raw_Data!B6 -> 7300 | C16: =Raw_Data!C6 -> 900 | D16: =Raw_Data!D6 -> 1100 | E16: =Raw_Data!E6 -> 4100 | F16: =Raw_Data!F6 -> 1200 | G16: =SUM(B16:F16) -> 14600 | H16: =G16-G15 -> 1400 | I16: =(G16-G15)/G15 -> 0.10606061 | L16: =IF(G16>G15,"▲","▼") -> ▲
A17: Jun-20 | B17: =Raw_Data!B7 -> 7500 | C17: =Raw_Data!C7 -> 1700 | D17: =Raw_Data!D7 -> 1500 | E17: =Raw_Data!E7 -> 3800 | F17: =Raw_Data!F7 -> 1900 | G17: =SUM(B17:F17) -> 16400 | H17: =G17-G16 -> 1800 | I17: =(G17-G16)/G16 -> 0.12328767 | L17: =IF(G17>G16,"▲","▼") -> ▲
A18: Jul-20 | B18: =Raw_Data!B8 -> 7600 | C18: =Raw_Data!C8 -> 1900 | D18: =Raw_Data!D8 -> 1700 | E18: =Raw_Data!E8 -> 3600 | F18: =Raw_Data!F8 -> 2100 | G18: =SUM(B18:F18) -> 16900 | H18: =G18-G17 -> 500 | I18: =(G18-G17)/G17 -> 0.030487805 | L18: =IF(G18>G17,"▲","▼") -> ▲
A19: Aug-20 | B19: =Raw_Data!B9 -> 7700 | C19: =Raw_Data!C9 -> 2000 | D19: =Raw_Data!D9 -> 1800 | E19: =Raw_Data!E9 -> 3500 | F19: =Raw_Data!F9 -> 2200 | G19: =SUM(B19:F19) -> 17200 | H19: =G19-G18 -> 300 | I19: =(G19-G18)/G18 -> 0.017751479 | L19: =IF(G19>G18,"▲","▼") -> ▲
A20: Sep-20 | B20: =Raw_Data!B10 -> 7800 | C20: =Raw_Data!C10 -> 1850 | D20: =Raw_Data!D10 -> 1750 | E20: =Raw_Data!E10 -> 3400 | F20: =Raw_Data!F10 -> 2100 | G20: =SUM(B20:F20) -> 16900 | H20: =G20-G19 -> -300 | I20: =(G20-G19)/G19 -> -0.01744186 | L20: =IF(G20>G19,"▲","▼") -> ▼
A21: Oct-20 | B21: =Raw_Data!B11 -> 7900 | C21: =Raw_Data!C11 -> 1900 | D21: =Raw_Data!D11 -> 1800 | E21: =Raw_Data!E11 -> 3600 | F21: =Raw_Data!F11 -> 2000 | G21: =SUM(B21:F21) -> 17200 | H21: =G21-G20 -> 300 | I21: =(G21-G20)/G20 -> 0.017751479 | L21: =IF(G21>G20,"▲","▼") -> ▲
A22: Nov-20 | B22: =Raw_Data!B12 -> 8100 | C22: =Raw_Data!C12 -> 600 | D22: =Raw_Data!D12 -> 1600 | E22: =Raw_Data!E12 -> 4200 | F22: =Raw_Data!F12 -> 1900 | G22: =SUM(B22:F22) -> 16400 | H22: =G22-G21 -> -800 | I22: =(G22-G21)/G21 -> -0.046511628 | L22: =IF(G22>G21,"▲","▼") -> ▼
A23: Dec-20 | B23: =Raw_Data!B13 -> 9200 | C23: =Raw_Data!C13 -> 2200 | D23: =Raw_Data!D13 -> 2100 | E23: =Raw_Data!E13 -> 4800 | F23: =Raw_Data!F13 -> 2100 | G23: =SUM(B23:F23) -> 20400 | H23: =G23-G22 -> 4000 | I23: =(G23-G22)/G22 -> 0.24390244 | L23: =IF(G23>G22,"▲","▼") -> ▲
A24: Jan-21 | B24: =Raw_Data!B14 -> 7900 | C24: =Raw_Data!C14 -> 900 | D24: =Raw_Data!D14 -> 1400 | E24: =Raw_Data!E14 -> 4500 | F24: =Raw_Data!F14 -> 1600 | G24: =SUM(B24:F24) -> 16300 | H24: =G24-G23 -> -4100 | I24: =(G24-G23)/G23 -> -0.20098039 | L24: =IF(G24>G23,"▲","▼") -> ▼
A25: Feb-21 | B25: =Raw_Data!B15 -> 7600 | C25: =Raw_Data!C15 -> 800 | D25: =Raw_Data!D15 -> 1300 | E25: =Raw_Data!E15 -> 4400 | F25: =Raw_Data!F15 -> 1500 | G25: =SUM(B25:F25) -> 15600 | H25: =G25-G24 -> -700 | I25: =(G25-G24)/G24 -> -0.042944785 | L25: =IF(G25>G24,"▲","▼") -> ▼
A26: Mar-21 | B26: =Raw_Data!B16 -> 7800 | C26: =Raw_Data!C16 -> 1000 | D26: =Raw_Data!D16 -> 1500 | E26: =Raw_Data!E16 -> 4200 | F26: =Raw_Data!F16 -> 1700 | G26: =SUM(B26:F26) -> 16200 | H26: =G26-G25 -> 600 | I26: =(G26-G25)/G25 -> 0.038461538 | J26: =G26-G14 -> 2100 | K26: =(G26-G14)/G14 -> 0.14893617 | L26: =IF(G26>G25,"▲","▼") -> ▲
A27: Apr-21 | B27: =Raw_Data!B17 -> 7200 | C27: =Raw_Data!C17 -> 1400 | D27: =Raw_Data!D17 -> 1600 | E27: =Raw_Data!E17 -> 4000 | F27: =Raw_Data!F17 -> 1800 | G27: =SUM(B27:F27) -> 16000 | H27: =G27-G26 -> -200 | I27: =(G27-G26)/G26 -> -0.012345679 | J27: =G27-G15 -> 2800 | K27: =(G27-G15)/G15 -> 0.21212121 | L27: =IF(G27>G26,"▲","▼") -> ▼
A28: May-21 | B28: =Raw_Data!B18 -> 7800 | C28: =Raw_Data!C18 -> 1900 | D28: =Raw_Data!D18 -> 1900 | E28: =Raw_Data!E18 -> 3800 | F28: =Raw_Data!F18 -> 2000 | G28: =SUM(B28:F28) -> 17400 | H28: =G28-G27 -> 1400 | I28: =(G28-G27)/G27 -> 0.0875 | J28: =G28-G16 -> 2800 | K28: =(G28-G16)/G16 -> 0.19178082 | L28: =IF(G28>G27,"▲","▼") -> ▲
A29: Jun-21 | B29: =Raw_Data!B19 -> 8100 | C29: =Raw_Data!C19 -> 2100 | D29: =Raw_Data!D19 -> 2000 | E29: =Raw_Data!E19 -> 3600 | F29: =Raw_Data!F19 -> 2100 | G29: =SUM(B29:F29) -> 17900 | H29: =G29-G28 -> 500 | I29: =(G29-G28)/G28 -> 0.028735632 | J29: =G29-G17 -> 1500 | K29: =(G29-G17)/G17 -> 0.091463415 | L29: =IF(G29>G28,"▲","▼") -> ▲
A30: Jul-21 | B30: =Raw_Data!B20 -> 8300 | C30: =Raw_Data!C20 -> 2200 | D30: =Raw_Data!D20 -> 2100 | E30: =Raw_Data!E20 -> 3400 | F30: =Raw_Data!F20 -> 2200 | G30: =SUM(B30:F30) -> 18200 | H30: =G30-G29 -> 300 | I30: =(G30-G29)/G29 -> 0.016759777 | J30: =G30-G18 -> 1300 | K30: =(G30-G18)/G18 -> 0.076923077 | L30: =IF(G30>G29,"▲","▼") -> ▲
A31: Aug-21 | B31: =Raw_Data!B21 -> 8500 | C31: =Raw_Data!C21 -> 2100 | D31: =Raw_Data!D21 -> 2200 | E31: =Raw_Data!E21 -> 3300 | F31: =Raw_Data!F21 -> 2300 | G31: =SUM(B31:F31) -> 18400 | H31: =G31-G30 -> 200 | I31: =(G31-G30)/G30 -> 0.010989011 | J31: =G31-G19 -> 1200 | K31: =(G31-G19)/G19 -> 0.069767442 | L31: =IF(G31>G30,"▲","▼") -> ▲
A32: Sep-21 | B32: =Raw_Data!B22 -> 8400 | C32: =Raw_Data!C22 -> 1950 | D32: =Raw_Data!D22 -> 2100 | E32: =Raw_Data!E22 -> 3200 | F32: =Raw_Data!F22 -> 2200 | G32: =SUM(B32:F32) -> 17850 | H32: =G32-G31 -> -550 | I32: =(G32-G31)/G31 -> -0.029891304 | J32: =G32-G20 -> 950 | K32: =(G32-G20)/G20 -> 0.056213018 | L32: =IF(G32>G31,"▲","▼") -> ▼
A33: Oct-21 | B33: =Raw_Data!B23 -> 8600 | C33: =Raw_Data!C23 -> 2000 | D33: =Raw_Data!D23 -> 2100 | E33: =Raw_Data!E23 -> 3300 | F33: =Raw_Data!F23 -> 2200 | G33: =SUM(B33:F33) -> 18200 | H33: =G33-G32 -> 350 | I33: =(G33-G32)/G32 -> 0.019607843 | J33: =G33-G21 -> 1000 | K33: =(G33-G21)/G21 -> 0.058139535 | L33: =IF(G33>G32,"▲","▼") -> ▲
A34: Nov-21 | B34: =Raw_Data!B24 -> 8900 | C34: =Raw_Data!C24 -> 700 | D34: =Raw_Data!D24 -> 1900 | E34: =Raw_Data!E24 -> 3900 | F34: =Raw_Data!F24 -> 2100 | G34: =SUM(B34:F34) -> 17500 | H34: =G34-G33 -> -700 | I34: =(G34-G33)/G33 -> -0.038461538 | J34: =G34-G22 -> 1100 | K34: =(G34-G22)/G22 -> 0.067073171 | L34: =IF(G34>G33,"▲","▼") -> ▼
A35: Dec-21 | B35: =Raw_Data!B25 -> 9800 | C35: =Raw_Data!C25 -> 2400 | D35: =Raw_Data!D25 -> 2500 | E35: =Raw_Data!E25 -> 4600 | F35: =Raw_Data!F25 -> 2200 | G35: =SUM(B35:F35) -> 21500 | H35: =G35-G34 -> 4000 | I35: =(G35-G34)/G34 -> 0.22857143 | J35: =G35-G23 -> 1100 | K35: =(G35-G23)/G23 -> 0.053921569 | L35: =IF(G35>G34,"▲","▼") -> ▲
A36: Jan-22 | B36: =Raw_Data!B26 -> 8200 | C36: =Raw_Data!C26 -> 2000 | D36: =Raw_Data!D26 -> 1600 | E36: =Raw_Data!E26 -> 3800 | F36: =Raw_Data!F26 -> 2400 | G36: =SUM(B36:F36) -> 18000 | H36: =G36-G35 -> -3500 | I36: =(G36-G35)/G35 -> -0.1627907 | J36: =G36-G24 -> 1700 | K36: =(G36-G24)/G24 -> 0.10429448 | L36: =IF(G36>G35,"▲","▼") -> ▼
A37: Feb-22 | B37: =Raw_Data!B27 -> 8000 | C37: =Raw_Data!C27 -> 1900 | D37: =Raw_Data!D27 -> 1550 | E37: =Raw_Data!E27 -> 3700 | F37: =Raw_Data!F27 -> 2300 | G37: =SUM(B37:F37) -> 17450 | H37: =G37-G36 -> -550 | I37: =(G37-G36)/G36 -> -0.030555556 | J37: =G37-G25 -> 1850 | K37: =(G37-G25)/G25 -> 0.11858974 | L37: =IF(G37>G36,"▲","▼") -> ▼
... A71: Dec-24 | B71: =Raw_Data!B61 -> 10700 | C71: =Raw_Data!C61 -> 2800 | D71: =Raw_Data!D61 -> 2400 | E71: =Raw_Data!E61 -> 4400 | F71: =Raw_Data!F61 -> 2500 | G71: =SUM(B71:F71) -> 22800 | H71: =G71-G70 -> 3750 | I71: =(G71-G70)/G70 -> 0.19685039 | J71: =G71-G59 -> 450 | K71: =(G71-G59)/G59 -> 0.020134228 | L71: =IF(G71>G70,"▲","▼") -> ▲

Sheet Sector_Breakdown
A1: SECTOR PERFORMANCE BREAKDOWN
A3: Annual aggregates, growth rates, and sector share analysis | Source: ONS Retail Sales Index
A5: ANNUAL RETAIL SALES BY SECTOR (£ millions)
A6: Sector | B6: 2020 | C6: 2021 | D6: 2022 | E6: 2023 | F6: 2024 | G6: Growth 20→24 | H6: 2024 Share | I6: Peak Year | J6: Trend Rating
A7: Food Stores | B7: =SUM(Raw_Data!B2:B13) -> 92100 | C7: =SUM(Raw_Data!B14:B25) -> 98900 | D7: =SUM(Raw_Data!B26:B37) -> 105500 | E7: =SUM(Raw_Data!B38:B49) -> 109100 | F7: =SUM(Raw_Data!B50:B61) -> 112700 | G7: =(F7-B7)/B7 -> 0.22366992 | H7: =IF(F$12<>0,F7/F$12,0) -> 0.47643204 | I7: =MATCH(MAX(B7:F7),B7:F7,0)+2019 -> 2024 | J7: ★★★★☆
A8: Clothing & Textile | B8: =SUM(Raw_Data!C2:C13) -> 18200 | C8: =SUM(Raw_Data!C14:C25) -> 19450 | D8: =SUM(Raw_Data!C26:C37) -> 24700 | E8: =SUM(Raw_Data!C38:C49) -> 25850 | F8: =SUM(Raw_Data!C50:C61) -> 27000 | G8: =(F8-B8)/B8 -> 0.48351648 | H8: =IF(F$12<>0,F8/F$12,0) -> 0.11414077 | I8: =MATCH(MAX(B8:F8),B8:F8,0)+2019 -> 2024 | J8: ★★★☆☆
A9: Household Goods | B9: =SUM(Raw_Data!D2:D13) -> 17300 | C9: =SUM(Raw_Data!D14:D25) -> 22600 | D9: =SUM(Raw_Data!D26:D37) -> 22250 | E9: =SUM(Raw_Data!D38:D49) -> 22850 | F9: =SUM(Raw_Data!D50:D61) -> 23450 | G9: =(F9-B9)/B9 -> 0.35549133 | H9: =IF(F$12<>0,F9/F$12,0) -> 0.099133376 | I9: =MATCH(MAX(B9:F9),B9:F9,0)+2019 -> 2024 | J9: ★★★☆☆
A10: Online Retail | B10: =SUM(Raw_Data!E2:E13) -> 41450 | C10: =SUM(Raw_Data!E14:E25) -> 46200 | D10: =SUM(Raw_Data!E26:E37) -> 42200 | E10: =SUM(Raw_Data!E38:E49) -> 41400 | F10: =SUM(Raw_Data!E50:E61) -> 41900 | G10: =(F10-B10)/B10 -> 0.010856454 | H10: =IF(F$12<>0,F10/F$12,0) -> 0.17712957 | I10: =MATCH(MAX(B10:F10),B10:F10,0)+2019 -> 2021 | J10: ★★★★★
A11: Fuel Stores | B11: =SUM(Raw_Data!F2:F13) -> 22600 | C11: =SUM(Raw_Data!F14:F25) -> 23900 | D11: =SUM(Raw_Data!F26:F37) -> 34300 | E11: =SUM(Raw_Data!F38:F49) -> 32700 | F11: =SUM(Raw_Data!F50:F61) -> 31500 | G11: =(F11-B11)/B11 -> 0.39380531 | H11: =IF(F$12<>0,F11/F$12,0) -> 0.13316424 | I11: =MATCH(MAX(B11:F11),B11:F11,0)+2019 -> 2022 | J11: ★★☆☆☆
A12: TOTAL | B12: =SUM(Raw_Data!G2:G13) -> 191650 | C12: =SUM(Raw_Data!G14:G25) -> 211050 | D12: =SUM(Raw_Data!G26:G37) -> 228950 | E12: =SUM(Raw_Data!G38:G49) -> 231900 | F12: =SUM(Raw_Data!G50:G61) -> 236550 | G12: =(F12-B12)/B12 -> 0.23428124 | H12: =IF(F$12<>0,F12/F$12,0) -> 1 | I12: =MATCH(MAX(B12:F12),B12:F12,0)+2019 -> 2024 | J12: ★★★★☆
A14: ONLINE vs IN-STORE SALES COMPARISON (Post-COVID Analysis)
A15: Year | B15: Online (£m) | C15: In-Store (£m) | D15: Online % of Total | E15: Online YoY Growth | F15: In-Store YoY Growth | G15: COVID Impact
A16: 2020 | B16: =SUM(Raw_Data!E2:E13) -> 41450 | C16: =SUM(Raw_Data!B2:B13)+SUM(Raw_Data!C2:C13)+SUM(Raw_Data!D2:D13)+SUM(Raw_Data!F2:F13) -> 150200 | D16: =B16/(B16+C16) -> 0.21627968 | G16: Pre-COVID baseline
A17: 2021 | B17: =SUM(Raw_Data!E14:E25) -> 46200 | C17: =SUM(Raw_Data!B14:B25)+SUM(Raw_Data!C14:C25)+SUM(Raw_Data!D14:D25)+SUM(Raw_Data!F14:F25) -> 164850 | D17: =B17/(B17+C17) -> 0.21890547 | E17: =(B17-B16)/B16 -> 0.1145959 | F17: =(C17-C16)/C16 -> 0.097536618 | G17: COVID lockdowns — online surge
A18: 2022 | B18: =SUM(Raw_Data!E26:E37) -> 42200 | C18: =SUM(Raw_Data!B26:B37)+SUM(Raw_Data!C26:C37)+SUM(Raw_Data!D26:D37)+SUM(Raw_Data!F26:F37) -> 186750 | D18: =B18/(B18+C18) -> 0.18431972 | E18: =(B18-B17)/B17 -> -0.086580087 | F18: =(C18-C17)/C17 -> 0.13284804 | G18: Post-COVID normalisation
A19: 2023 | B19: =SUM(Raw_Data!E38:E49) -> 41400 | C19: =SUM(Raw_Data!B38:B49)+SUM(Raw_Data!C38:C49)+SUM(Raw_Data!D38:D49)+SUM(Raw_Data!F38:F49) -> 190500 | D19: =B19/(B19+C19) -> 0.17852523 | E19: =(B19-B18)/B18 -> -0.018957346 | F19: =(C19-C18)/C18 -> 0.020080321 | G19: Further normalisation
A20: 2024 | B20: =SUM(Raw_Data!E50:E61) -> 41900 | C20: =SUM(Raw_Data!B50:B61)+SUM(Raw_Data!C50:C61)+SUM(Raw_Data!D50:D61)+SUM(Raw_Data!F50:F61) -> 194650 | D20: =B20/(B20+C20) -> 0.17712957 | E20: =(B20-B19)/B19 -> 0.012077295 | F20: =(C20-C19)/C19 -> 0.021784777 | G20: Stable new equilibrium

Sheet Regional_Comparison
A1: REGIONAL RETAIL SALES COMPARISON
A3: England | Scotland | Wales | Northern Ireland — Quarterly Retail Sales (£ millions)
A5: QUARTERLY REGIONAL RETAIL SALES DATA (£ millions)
A6: Quarter | B6: England (£m) | C6: Scotland (£m) | D6: Wales (£m) | E6: N. Ireland (£m) | F6: UK Total (£m) | G6: England % | H6: Scotland % | I6: Wales % | J6: N.Ireland %
A7: Q1-20 | B7: 38000 | C7: 5200 | D7: 2800 | E7: 1500 | F7: =SUM(B7:E7) -> 47500 | G7: =B7/F7 -> 0.8 | H7: =C7/F7 -> 0.10947368 | I7: =D7/F7 -> 0.058947368 | J7: =E7/F7 -> 0.031578947
A8: Q2-20 | B8: 32000 | C8: 4300 | D8: 2300 | E8: 1200 | F8: =SUM(B8:E8) -> 39800 | G8: =B8/F8 -> 0.8040201 | H8: =C8/F8 -> 0.1080402 | I8: =D8/F8 -> 0.057788945 | J8: =E8/F8 -> 0.030150754
A9: Q3-20 | B9: 40000 | C9: 5500 | D9: 3000 | E9: 1600 | F9: =SUM(B9:E9) -> 50100 | G9: =B9/F9 -> 0.79840319 | H9: =C9/F9 -> 0.10978044 | I9: =D9/F9 -> 0.05988024 | J9: =E9/F9 -> 0.031936128
A10: Q4-20 | B10: 44000 | C10: 6000 | D10: 3300 | E10: 1700 | F10: =SUM(B10:E10) -> 55000 | G10: =B10/F10 -> 0.8 | H10: =C10/F10 -> 0.10909091 | I10: =D10/F10 -> 0.06 | J10: =E10/F10 -> 0.030909091
A11: Q1-21 | B11: 38000 | C11: 5100 | D11: 2800 | E11: 1500 | F11: =SUM(B11:E11) -> 47400 | G11: =B11/F11 -> 0.80168776 | H11: =C11/F11 -> 0.10759494 | I11: =D11/F11 -> 0.05907173 | J11: =E11/F11 -> 0.03164557
A12: Q2-21 | B12: 42000 | C12: 5600 | D12: 3100 | E12: 1600 | F12: =SUM(B12:E12) -> 52300 | G12: =B12/F12 -> 0.80305927 | H12: =C12/F12 -> 0.10707457 | I12: =D12/F12 -> 0.059273423 | J12: =E12/F12 -> 0.030592734
A13: Q3-21 | B13: 46000 | C13: 6100 | D13: 3400 | E13: 1800 | F13: =SUM(B13:E13) -> 57300 | G13: =B13/F13 -> 0.80279232 | H13: =C13/F13 -> 0.10645724 | I13: =D13/F13 -> 0.059336824 | J13: =E13/F13 -> 0.031413613
A14: Q4-21 | B14: 50000 | C14: 6600 | D14: 3700 | E14: 1900 | F14: =SUM(B14:E14) -> 62200 | G14: =B14/F14 -> 0.80385852 | H14: =C14/F14 -> 0.10610932 | I14: =D14/F14 -> 0.059485531 | J14: =E14/F14 -> 0.030546624
A15: Q1-22 | B15: 42000 | C15: 5500 | D15: 3000 | E15: 1600 | F15: =SUM(B15:E15) -> 52100 | G15: =B15/F15 -> 0.80614203 | H15: =C15/F15 -> 0.10556622 | I15: =D15/F15 -> 0.057581574 | J15: =E15/F15 -> 0.030710173
A16: Q2-22 | B16: 46000 | C16: 6000 | D16: 3300 | E16: 1700 | F16: =SUM(B16:E16) -> 57000 | G16: =B16/F16 -> 0.80701754 | H16: =C16/F16 -> 0.10526316 | I16: =D16/F16 -> 0.057894737 | J16: =E16/F16 -> 0.029824561
A17: Q3-22 | B17: 48000 | C17: 6300 | D17: 3500 | E17: 1800 | F17: =SUM(B17:E17) -> 59600 | G17: =B17/F17 -> 0.80536913 | H17: =C17/F17 -> 0.1057047 | I17: =D17/F17 -> 0.058724832 | J17: =E17/F17 -> 0.030201342
A18: Q4-22 | B18: 52000 | C18: 6800 | D18: 3800 | E18: 1900 | F18: =SUM(B18:E18) -> 64500 | G18: =B18/F18 -> 0.80620155 | H18: =C18/F18 -> 0.10542636 | I18: =D18/F18 -> 0.058914729 | J18: =E18/F18 -> 0.029457364
... A26: Q4-24 | B26: 56000 | C26: 7200 | D26: 4000 | E26: 2100 | F26: =SUM(B26:E26) -> 69300 | G26: =B26/F26 -> 0.80808081 | H26: =C26/F26 -> 0.1038961 | I26: =D26/F26 -> 0.057720058 | J26: =E26/F26 -> 0.03030303
A28: REGIONAL SUMMARY — FULL PERIOD TOTALS & AVERAGES
A29: Metric | B29: England | C29: Scotland | D29: Wales | E29: N. Ireland | F29: UK Total
A30: Total (£m) | B30: =SUM(B7:B26) -> 918000 | C30: =SUM(C7:C26) -> 120600 | D30: =SUM(D7:D26) -> 66400 | E30: =SUM(E7:E26) -> 34800 | F30: =SUM(F7:F26) -> 1139800
A31: Average Quarterly (£m) | B31: =AVERAGE(B7:B26) -> 45900 | C31: =AVERAGE(C7:C26) -> 6030 | D31: =AVERAGE(D7:D26) -> 3320 | E31: =AVERAGE(E7:E26) -> 1740 | F31: =AVERAGE(F7:F26) -> 56990
A32: Max Quarter (£m) | B32: =MAX(B7:B26) -> 56000 | C32: =MAX(C7:C26) -> 7200 | D32: =MAX(D7:D26) -> 4000 | E32: =MAX(E7:E26) -> 2100 | F32: =MAX(F7:F26) -> 69300
A33: Min Quarter (£m) | B33: =MIN(B7:B26) -> 32000 | C33: =MIN(C7:C26) -> 4300 | D33: =MIN(D7:D26) -> 2300 | E33: =MIN(E7:E26) -> 1200 | F33: =MIN(F7:F26) -> 39800

Sheet Trend_Forecast
A1: RETAIL SALES TREND FORECASTING
A3: 12-Month Rolling Average | Q1 2025 Forecast | Seasonality & Trend Analysis
A5: FORECAST ASSUMPTIONS (Adjustable Inputs — Blue = User Input)
A6: Growth Assumption (Annual %) | B6: 0.025 | C6: ← Adjust as needed
A7: Seasonality Factor — Q4 Uplift | B7: 0.12 | C7: ← Adjust as needed
A8: Inflation Adjustment | B8: 0.035 | C8: ← Adjust as needed
A9: Online Channel Growth Premium | B9: 0.05 | C9: ← Adjust as needed
A11: 12-MONTH ROLLING AVERAGE & FORECAST (Total Retail, £ millions)
A12: Period | B12: Actual (£m) | C12: 12M Rolling Avg | D12: 3M Avg | E12: Type | F12: Base Forecast | G12: Adj. Forecast | H12: YoY Forecast % | I12: Confidence | J12: Upper Bound | K12: Lower Bound
A13: Jan-20 | B13: =Raw_Data!G2 -> 14300 | E13: Actual
A14: Feb-20 | B14: =Raw_Data!G3 -> 14050 | E14: Actual
A15: Mar-20 | B15: =Raw_Data!G4 -> 14100 | D15: =AVERAGE(B13:B15) -> 14150 | E15: Actual
A16: Apr-20 | B16: =Raw_Data!G5 -> 13200 | D16: =AVERAGE(B14:B16) -> 13783.333 | E16: Actual
A17: May-20 | B17: =Raw_Data!G6 -> 14600 | D17: =AVERAGE(B15:B17) -> 13966.667 | E17: Actual
A18: Jun-20 | B18: =Raw_Data!G7 -> 16400 | D18: =AVERAGE(B16:B18) -> 14733.333 | E18: Actual
A19: Jul-20 | B19: =Raw_Data!G8 -> 16900 | D19: =AVERAGE(B17:B19) -> 15966.667 | E19: Actual
A20: Aug-20 | B20: =Raw_Data!G9 -> 17200 | D20: =AVERAGE(B18:B20) -> 16833.333 | E20: Actual
A21: Sep-20 | B21: =Raw_Data!G10 -> 16900 | D21: =AVERAGE(B19:B21) -> 17000 | E21: Actual
A22: Oct-20 | B22: =Raw_Data!G11 -> 17200 | D22: =AVERAGE(B20:B22) -> 17100 | E22: Actual
A23: Nov-20 | B23: =Raw_Data!G12 -> 16400 | D23: =AVERAGE(B21:B23) -> 16833.333 | E23: Actual
A24: Dec-20 | B24: =Raw_Data!G13 -> 20400 | C24: =AVERAGE(B13:B24) -> 15970.833 | D24: =AVERAGE(B22:B24) -> 18000 | E24: Actual
A25: Jan-21 | B25: =Raw_Data!G14 -> 16300 | C25: =AVERAGE(B14:B25) -> 16137.5 | D25: =AVERAGE(B23:B25) -> 17700 | E25: Actual
A26: Feb-21 | B26: =Raw_Data!G15 -> 15600 | C26: =AVERAGE(B15:B26) -> 16266.667 | D26: =AVERAGE(B24:B26) -> 17433.333 | E26: Actual
A27: Mar-21 | B27: =Raw_Data!G16 -> 16200 | C27: =AVERAGE(B16:B27) -> 16441.667 | D27: =AVERAGE(B25:B27) -> 16033.333 | E27: Actual
A28: Apr-21 | B28: =Raw_Data!G17 -> 16000 | C28: =AVERAGE(B17:B28) -> 16675 | D28: =AVERAGE(B26:B28) -> 15933.333 | E28: Actual
A29: May-21 | B29: =Raw_Data!G18 -> 17400 | C29: =AVERAGE(B18:B29) -> 16908.333 | D29: =AVERAGE(B27:B29) -> 16533.333 | E29: Actual
A30: Jun-21 | B30: =Raw_Data!G19 -> 17900 | C30: =AVERAGE(B19:B30) -> 17033.333 | D30: =AVERAGE(B28:B30) -> 17100 | E30: Actual
A31: Jul-21 | B31: =Raw_Data!G20 -> 18200 | C31: =AVERAGE(B20:B31) -> 17141.667 | D31: =AVERAGE(B29:B31) -> 17833.333 | E31: Actual
A32: Aug-21 | B32: =Raw_Data!G21 -> 18400 | C32: =AVERAGE(B21:B32) -> 17241.667 | D32: =AVERAGE(B30:B32) -> 18166.667 | E32: Actual
A33: Sep-21 | B33: =Raw_Data!G22 -> 17850 | C33: =AVERAGE(B22:B33) -> 17320.833 | D33: =AVERAGE(B31:B33) -> 18150 | E33: Actual
A34: Oct-21 | B34: =Raw_Data!G23 -> 18200 | C34: =AVERAGE(B23:B34) -> 17404.167 | D34: =AVERAGE(B32:B34) -> 18150 | E34: Actual
A35: Nov-21 | B35: =Raw_Data!G24 -> 17500 | C35: =AVERAGE(B24:B35) -> 17495.833 | D35: =AVERAGE(B33:B35) -> 17850 | E35: Actual
... A72: Dec-24 | B72: =Raw_Data!G61 -> 22800 | C72: =AVERAGE(B61:B72) -> 19712.5 | D72: =AVERAGE(B70:B72) -> 20650 | E72: Actual
A74: Jan-25 | C74: =AVERAGE(B62:B73) -> 19804.545 | E74: FORECAST | F74: =B62*(1+$B$6) -> 18603.75 | G74: =F74*(1+$B$8) -> 19254.881 | H74: =(G74-B62)/B62 -> 0.060875 | I74: Medium | J74: =G74*1.05 -> 20217.625 | K74: =G74*0.95 -> 18292.137
A75: Feb-25 | C75: =AVERAGE(B63:B74) -> 19970 | E75: FORECAST | F75: =B63*(1+$B$6) -> 19475 | G75: =F75*(1+$B$8) -> 20156.625 | H75: =(G75-B63)/B63 -> 0.060875 | I75: Medium | J75: =G75*1.05 -> 21164.456 | K75: =G75*0.95 -> 19148.794
A76: Mar-25 | C76: =AVERAGE(B64:B75) -> 20077.778 | E76: FORECAST | F76: =B64*(1+$B$6) -> 19065 | G76: =F76*(1+$B$8) -> 19732.275 | H76: =(G76-B64)/B64 -> 0.060875 | I76: Medium | J76: =G76*1.05 -> 20718.889 | K76: =G76*0.95 -> 18745.661

Sheet PowerBI_Setup_Guide
A1: POWER BI SETUP GUIDE — UK Retail Sales Dashboard
A4: STEP 1: IMPORT DATA INTO POWER BI
A5: 1. Open Power BI Desktop → Home → Get Data → Excel Workbook
A6: 2. Select this file and import sheets: Raw_Data, Regional_Comparison, Trend_Forecast
A7: 3. In Power Query: ensure Month column is Date type, numeric columns are Decimal Number
A8: 4. Create a Date table: Modeling → New Table → DateTable = CALENDARAUTO()
A10: STEP 2: BUILD RELATIONSHIPS
A11: • Link Raw_Data[Month] → DateTable[Date] (Many-to-One)
A12: • Link Regional_Comparison[Quarter] → DateTable via calculated quarter column
A14: STEP 3: PAGE 1 — OVERVIEW (Total Sales KPIs)
A15: • KPI Card: Total Sales = SUM(Raw_Data[Total All Sectors])
A16: • KPI Card: MoM Change % = DIVIDE([Current Month] - [Prior Month], [Prior Month])
... A50: • Publish to Power BI Service for shareable portfolio link
